sanity_text_id,question_id,n_correct,n_incorrect
01ff8ad2-ef5b-4cf2-8f1d-b44663790fa4,ad690b948e2a,50,0
01ff8ad2-ef5b-4cf2-8f1d-b44663790fa4,ba19153d3561,51,0
01ff8ad2-ef5b-4cf2-8f1d-b44663790fa4,ea9c7a756e38,51,0
0202b907-4516-4beb-8e07-759e473b5ea2,5e55a80e739e-b454c2217089,71,0
0202b907-4516-4beb-8e07-759e473b5ea2,5e55a80e739e-d1a21b6a1072,71,0
0202b907-4516-4beb-8e07-759e473b5ea2,5e55a80e739e-d7db7ee1f082,52,19
0202b907-4516-4beb-8e07-759e473b5ea2,6fa81bbdb643,69,0
0202b907-4516-4beb-8e07-759e473b5ea2,7b31e37cdee7,67,0
02df17fa-3bfa-4f87-8cd5-d523c12c9a1f,95ec6db5baaf-6ec781f7ceec,58,0
02df17fa-3bfa-4f87-8cd5-d523c12c9a1f,95ec6db5baaf-8a50b9e659fb,58,0
02df17fa-3bfa-4f87-8cd5-d523c12c9a1f,95ec6db5baaf-8ff0b2a1ee52,58,0
02df17fa-3bfa-4f87-8cd5-d523c12c9a1f,fe86483a6873,58,0
035af603-c895-4f40-a3e8-4b05a07a09bd,2ccb4c1959dc-5717b0bf4c1d,47,0
035af603-c895-4f40-a3e8-4b05a07a09bd,2ccb4c1959dc-5b32461f45a8,47,0
035af603-c895-4f40-a3e8-4b05a07a09bd,2ccb4c1959dc-c9f573633c6d,47,0
035af603-c895-4f40-a3e8-4b05a07a09bd,2ccb4c1959dc-eb0c11bbfc09,47,0
035af603-c895-4f40-a3e8-4b05a07a09bd,2ccb4c1959dc-ede7eed3ee0a,47,0
035af603-c895-4f40-a3e8-4b05a07a09bd,3ef72aed12b1,43,0
035af603-c895-4f40-a3e8-4b05a07a09bd,c88e7e4b4f29,44,0
035af603-c895-4f40-a3e8-4b05a07a09bd,e307d75ba49c,43,0
05c18c0e-b6b5-40b8-9009-130b044693c6,41d1bab76bf0,0,48
05c18c0e-b6b5-40b8-9009-130b044693c6,6d565ae19614,49,0
05c18c0e-b6b5-40b8-9009-130b044693c6,91f823e1f2bc-1ce31d49aa47,53,0
05c18c0e-b6b5-40b8-9009-130b044693c6,91f823e1f2bc-a42df6062d40,53,0
05c18c0e-b6b5-40b8-9009-130b044693c6,91f823e1f2bc-b97acbba8d6a,53,0
05c18c0e-b6b5-40b8-9009-130b044693c6,b9d2261499a2,47,0
05c18c0e-b6b5-40b8-9009-130b044693c6,db521d14143e,49,0
068108d2-6d62-4702-8037-f309323f7cd8,5dd78ebc638b,46,0
068108d2-6d62-4702-8037-f309323f7cd8,88c3696274ae,46,0
068108d2-6d62-4702-8037-f309323f7cd8,8da9007dec36,46,0
068108d2-6d62-4702-8037-f309323f7cd8,a79a4693e437-3639992e8661,47,0
068108d2-6d62-4702-8037-f309323f7cd8,a79a4693e437-7c783b032325,47,0
068108d2-6d62-4702-8037-f309323f7cd8,a79a4693e437-866ec5276ebf,47,0
068108d2-6d62-4702-8037-f309323f7cd8,a79a4693e437-a0d502dfb06e,47,0
068108d2-6d62-4702-8037-f309323f7cd8,b3c06072975e,46,0
06a147ad-07a9-4bf5-a012-7f5f3b33a0c1,53b9f72802f4-94cb008ada11,58,0
06a147ad-07a9-4bf5-a012-7f5f3b33a0c1,53b9f72802f4-e00f3356af5f,0,58
06a147ad-07a9-4bf5-a012-7f5f3b33a0c1,53b9f72802f4-ed9fef78869d,58,0
06a147ad-07a9-4bf5-a012-7f5f3b33a0c1,7da73bd661fd,54,0
06a147ad-07a9-4bf5-a012-7f5f3b33a0c1,f281b99d6cb9,52,0
0af832ca-a33b-4606-96ce-1904d99101d3,3ddcd0a41be3,0,36
0af832ca-a33b-4606-96ce-1904d99101d3,74b7d160867c,34,0
0af832ca-a33b-4606-96ce-1904d99101d3,7ad7cfa7e759-4d537f8e812f,38,0
0af832ca-a33b-4606-96ce-1904d99101d3,7ad7cfa7e759-9fca015d7eb4,38,0
0af832ca-a33b-4606-96ce-1904d99101d3,7ad7cfa7e759-dcd3be28ccf7,38,0
0b8506ca-81ea-4c3f-804f-2bdfa9d1f359,0e30d69efa5a,67,0
0b8506ca-81ea-4c3f-804f-2bdfa9d1f359,4030543a1d46-22b5977621b2,67,0
0b8506ca-81ea-4c3f-804f-2bdfa9d1f359,4030543a1d46-630153adbb98,67,0
0b8506ca-81ea-4c3f-804f-2bdfa9d1f359,4030543a1d46-885beb886934,67,0
0b8506ca-81ea-4c3f-804f-2bdfa9d1f359,4030543a1d46-e70cc156faf305e38899fe4a6f36235d,67,0
0d9a3616-148c-4636-b310-c81355014aae,662c6c90faac,45,0
0d9a3616-148c-4636-b310-c81355014aae,729af8a9b410,43,0
0d9a3616-148c-4636-b310-c81355014aae,9134f9f5c7b9,44,0
0d9a3616-148c-4636-b310-c81355014aae,ec462c4319a7-31fbeb591734,46,0
0d9a3616-148c-4636-b310-c81355014aae,ec462c4319a7-7c09d8a93599,46,0
0d9a3616-148c-4636-b310-c81355014aae,ec462c4319a7-a6687dfa7773,46,0
0d9a3616-148c-4636-b310-c81355014aae,ec462c4319a7-a8b442891807,47,0
0fba2df7-e926-43d5-a393-5c52d5c1f30e,2dcef13d010a-2e4c6d08f79d,46,0
0fba2df7-e926-43d5-a393-5c52d5c1f30e,2dcef13d010a-56881b7e61bd,46,0
0fba2df7-e926-43d5-a393-5c52d5c1f30e,2dcef13d010a-60771dc2f631,45,0
0fba2df7-e926-43d5-a393-5c52d5c1f30e,2dcef13d010a-ee3fd4428ffc,46,0
0fba2df7-e926-43d5-a393-5c52d5c1f30e,2dcef13d010a-f3814b57cf12,46,0
0fba2df7-e926-43d5-a393-5c52d5c1f30e,821f4511b118,42,0
0fba2df7-e926-43d5-a393-5c52d5c1f30e,9a1421490079,41,0
0fba2df7-e926-43d5-a393-5c52d5c1f30e,aecb38e42cd1,42,0
117d0019-c37b-49d4-aeec-4f260086e728,58246d7dc191,30,0
117d0019-c37b-49d4-aeec-4f260086e728,7066da8ee5db,31,0
117d0019-c37b-49d4-aeec-4f260086e728,c43b816ca746,33,0
117d0019-c37b-49d4-aeec-4f260086e728,ed5047da68c9,31,0
122cc765-c9e9-4321-bfd2-75a270eab990,34851802926e,44,0
122cc765-c9e9-4321-bfd2-75a270eab990,48bc7ff51161,47,0
122cc765-c9e9-4321-bfd2-75a270eab990,9155802bccae,48,0
122cc765-c9e9-4321-bfd2-75a270eab990,a9af408c818b,45,0
122cc765-c9e9-4321-bfd2-75a270eab990,f6c0ae8009b2,42,0
1232a9d3-6cca-4713-b815-2cba5f6023de,94b3ce6ba61a,61,0
1232a9d3-6cca-4713-b815-2cba5f6023de,c16e4a86ac63-92f6a8d1fefb,64,0
1232a9d3-6cca-4713-b815-2cba5f6023de,c16e4a86ac63-bf542cff34a3,64,0
1232a9d3-6cca-4713-b815-2cba5f6023de,c16e4a86ac63-d9a0128627f7,64,0
1232a9d3-6cca-4713-b815-2cba5f6023de,f2b3e50567d5,2,60
132778fc-00b0-4b4a-aeb1-273c852069d0,75af1bf3df10-121660e7d712,48,0
132778fc-00b0-4b4a-aeb1-273c852069d0,75af1bf3df10-5c4dadfa92d9,48,0
132778fc-00b0-4b4a-aeb1-273c852069d0,75af1bf3df10-a593c79345ce,48,0
132778fc-00b0-4b4a-aeb1-273c852069d0,75af1bf3df10-f41c525ec916,48,0
1392d190-21e2-4ab2-b1a7-c86349f09096,2613cf312d44-05f72ca2d75e,55,0
1392d190-21e2-4ab2-b1a7-c86349f09096,2613cf312d44-29c036e8c29a,55,0
1392d190-21e2-4ab2-b1a7-c86349f09096,2613cf312d44-78d8081270f3,55,0
1392d190-21e2-4ab2-b1a7-c86349f09096,2613cf312d44-a569016af628,55,0
1392d190-21e2-4ab2-b1a7-c86349f09096,2613cf312d44-dcc907f08b0b,55,0
1392d190-21e2-4ab2-b1a7-c86349f09096,57bdf421e5fa,53,0
1392d190-21e2-4ab2-b1a7-c86349f09096,f6cafbe04f27,54,0
13d9015d-cdd5-4d7d-9740-328d0a30d539,01bafe158a71,52,0
13d9015d-cdd5-4d7d-9740-328d0a30d539,2c62f1a99ba4,51,0
13d9015d-cdd5-4d7d-9740-328d0a30d539,7a7a0d2edd31,53,0
13d9015d-cdd5-4d7d-9740-328d0a30d539,87d76cb176ba-21721070253c,54,0
13d9015d-cdd5-4d7d-9740-328d0a30d539,87d76cb176ba-24fbed77482f,54,0
13d9015d-cdd5-4d7d-9740-328d0a30d539,87d76cb176ba-4430837909f1,0,54
13d9015d-cdd5-4d7d-9740-328d0a30d539,87d76cb176ba-98a4897501f4,54,0
146f4451-5399-4d06-92ae-b4e638f22fc6,229f4d055cb4,41,0
146f4451-5399-4d06-92ae-b4e638f22fc6,9740f302497d-a0e3bf33227f,45,0
146f4451-5399-4d06-92ae-b4e638f22fc6,e039d69dc44b,0,45
14bdcf5a-e89b-4217-9f81-ba6cb4b39d06,450708335f78-599d57fb1803,51,0
14bdcf5a-e89b-4217-9f81-ba6cb4b39d06,450708335f78-823e91358a2d,51,0
14bdcf5a-e89b-4217-9f81-ba6cb4b39d06,450708335f78-e7dbbe2ffd22,51,0
14bdcf5a-e89b-4217-9f81-ba6cb4b39d06,5f677c23f116,51,0
14bdcf5a-e89b-4217-9f81-ba6cb4b39d06,b742d8f83c6b,51,0
14bdcf5a-e89b-4217-9f81-ba6cb4b39d06,c8ffb9a2cbf9,49,0
14bdcf5a-e89b-4217-9f81-ba6cb4b39d06,ef3e8893b569,0,50
17e2ab2f-9bed-49ae-bff4-3d2510077b3a,037ccfada7fd,42,0
17e2ab2f-9bed-49ae-bff4-3d2510077b3a,2305df293153,41,0
17e2ab2f-9bed-49ae-bff4-3d2510077b3a,336f0bbef92c,41,0
17e2ab2f-9bed-49ae-bff4-3d2510077b3a,642603093af6,41,0
17e2ab2f-9bed-49ae-bff4-3d2510077b3a,a1d939c26a34-17c2dbcfb73c,0,45
17e2ab2f-9bed-49ae-bff4-3d2510077b3a,a1d939c26a34-56845dc35a00,21,24
17e2ab2f-9bed-49ae-bff4-3d2510077b3a,a1d939c26a34-c0409be63367,45,0
17e2ab2f-9bed-49ae-bff4-3d2510077b3a,a1d939c26a34-e0dc6a874e20,45,0
17e2ab2f-9bed-49ae-bff4-3d2510077b3a,aab8db5e6315,42,0
17e2ab2f-9bed-49ae-bff4-3d2510077b3a,e66bdb2c9bda,42,0
1817ea02-414e-4110-8cdf-a6816c4c817a,1cfc26818554,22,0
1817ea02-414e-4110-8cdf-a6816c4c817a,31fa735d776c,22,0
1817ea02-414e-4110-8cdf-a6816c4c817a,8b95b6918d95,21,0
1817ea02-414e-4110-8cdf-a6816c4c817a,9f6628b80d1a,20,6
1817ea02-414e-4110-8cdf-a6816c4c817a,bef3a25f0ae6,21,0
1817ea02-414e-4110-8cdf-a6816c4c817a,ed19f0011c90,25,0
1858b8c5-593f-48a0-ac69-ba6a7f329ffc,62d59c396e8f-003590fdfbea,46,0
1858b8c5-593f-48a0-ac69-ba6a7f329ffc,62d59c396e8f-75e0a7a2faa2,46,0
1858b8c5-593f-48a0-ac69-ba6a7f329ffc,62d59c396e8f-8827e5e1ed66,46,0
1858b8c5-593f-48a0-ac69-ba6a7f329ffc,62d59c396e8f-97fd14ade698,46,0
1858b8c5-593f-48a0-ac69-ba6a7f329ffc,9c8a35c66322,45,0
1858b8c5-593f-48a0-ac69-ba6a7f329ffc,a69cc199cb1e,46,0
1858b8c5-593f-48a0-ac69-ba6a7f329ffc,ff6eafd73c14,44,0
18f3aec0-5630-45c6-97f2-88fc3aa6b260,093e448726e1,50,0
18f3aec0-5630-45c6-97f2-88fc3aa6b260,21ab2c323fe2,50,0
18f3aec0-5630-45c6-97f2-88fc3aa6b260,38b7e40e3b9b-2bd52676a9c4,51,0
18f3aec0-5630-45c6-97f2-88fc3aa6b260,38b7e40e3b9b-69a7fc66e924,51,0
18f3aec0-5630-45c6-97f2-88fc3aa6b260,38b7e40e3b9b-bfc132232195,0,51
18f3aec0-5630-45c6-97f2-88fc3aa6b260,38b7e40e3b9b-f468743379c4,51,0
18f3aec0-5630-45c6-97f2-88fc3aa6b260,561ae2a68f05,50,0
18f3aec0-5630-45c6-97f2-88fc3aa6b260,84e07f7c10dd,50,0
18f3aec0-5630-45c6-97f2-88fc3aa6b260,9ad05c4fa3ce,48,0
1c3764f7-25c1-4d4f-9546-2e80cd2886a0,4ea0792495db,43,0
1c3764f7-25c1-4d4f-9546-2e80cd2886a0,a783d37e0d4b,43,0
1c6f5602-f8e0-40e4-a248-7bde79aacecb,1ed0005c505e,67,0
1c6f5602-f8e0-40e4-a248-7bde79aacecb,80ac9522b187,68,0
1c6f5602-f8e0-40e4-a248-7bde79aacecb,9e75c3b8b4df-024f51c8373c,73,0
1c6f5602-f8e0-40e4-a248-7bde79aacecb,9e75c3b8b4df-a13b37c8eba2,72,0
1c6f5602-f8e0-40e4-a248-7bde79aacecb,9e75c3b8b4df-c3cc65c6c468,73,0
1c6f5602-f8e0-40e4-a248-7bde79aacecb,d87129735cc6,68,0
1de161e8-b8f0-47ef-8a0c-17de6d7bc9b9,0891dd4fc639,51,0
1de161e8-b8f0-47ef-8a0c-17de6d7bc9b9,2eb8ab503d43-0d04d1e30bf2,51,0
1de161e8-b8f0-47ef-8a0c-17de6d7bc9b9,2eb8ab503d43-0e442f2d58fd,51,0
1de161e8-b8f0-47ef-8a0c-17de6d7bc9b9,2eb8ab503d43-6f555c5091f0,51,0
1de161e8-b8f0-47ef-8a0c-17de6d7bc9b9,2eb8ab503d43-861345d72e08,51,0
1de161e8-b8f0-47ef-8a0c-17de6d7bc9b9,2eb8ab503d43-8b2fe2614745,51,0
1de161e8-b8f0-47ef-8a0c-17de6d7bc9b9,642ecc5683b7,51,0
1e3f0ec3-58c0-4e07-a07b-d4138b04d28b,0360cc2fa6a3,67,0
1e3f0ec3-58c0-4e07-a07b-d4138b04d28b,3a04c47146c7,68,0
1e3f0ec3-58c0-4e07-a07b-d4138b04d28b,3cb7f5ee7604,68,0
1e3f0ec3-58c0-4e07-a07b-d4138b04d28b,ce4af1f78716-db383d0d7706,72,0
1e3f0ec3-58c0-4e07-a07b-d4138b04d28b,ce4af1f78716-e18cf1c13a91,72,0
1e3f0ec3-58c0-4e07-a07b-d4138b04d28b,ce4af1f78716-f447a4344de2,72,0
1faebffe-a83e-48ca-9f07-b44494c31e09,56c5b0ad1ff2-3fafd5d69abe,48,0
1faebffe-a83e-48ca-9f07-b44494c31e09,56c5b0ad1ff2-60603d5b0bf3,48,0
1faebffe-a83e-48ca-9f07-b44494c31e09,56c5b0ad1ff2-6f50574a877a,47,1
1faebffe-a83e-48ca-9f07-b44494c31e09,56c5b0ad1ff2-d521e2bd357d,48,0
1faebffe-a83e-48ca-9f07-b44494c31e09,56c5b0ad1ff2-d81f8076794e,48,0
1faebffe-a83e-48ca-9f07-b44494c31e09,58dd015bf1ee,47,0
247647fb-01a3-499c-bdfe-f87bb36a260c,95ced4df3a6c,36,0
247647fb-01a3-499c-bdfe-f87bb36a260c,9cfe55c7ac6a,35,0
247647fb-01a3-499c-bdfe-f87bb36a260c,cd103c552ee5,36,0
26de2208-ba68-436b-ade0-b0ed7227f593,072e4bf5e709,51,0
26de2208-ba68-436b-ade0-b0ed7227f593,761e39cd63c0,51,0
272bf361-eb38-4fbe-892f-6f3150c6b0ab,29cd49826bb5-0924c983d92d,45,0
272bf361-eb38-4fbe-892f-6f3150c6b0ab,29cd49826bb5-58e77827559b,45,0
272bf361-eb38-4fbe-892f-6f3150c6b0ab,29cd49826bb5-d85d4f954e8b,45,0
2882b6ab-5804-4cc3-a959-95a2ce8d6f9d,4f6b40303384,54,0
2882b6ab-5804-4cc3-a959-95a2ce8d6f9d,9c5bc48bbecc,52,0
2882b6ab-5804-4cc3-a959-95a2ce8d6f9d,b8d3e9ac528b,55,0
2882b6ab-5804-4cc3-a959-95a2ce8d6f9d,e8eb7a5dc2e7,55,0
2caac847-2d7a-420d-9a28-201fd4fd9615,09610bcb759b,42,0
2caac847-2d7a-420d-9a28-201fd4fd9615,3e69c01b22fe,44,0
2caac847-2d7a-420d-9a28-201fd4fd9615,4c5a8777be04,41,0
2caac847-2d7a-420d-9a28-201fd4fd9615,79baf1e36711,44,0
2caac847-2d7a-420d-9a28-201fd4fd9615,81ed24e457ae,42,0
2caac847-2d7a-420d-9a28-201fd4fd9615,96293f77c83a,44,0
2caac847-2d7a-420d-9a28-201fd4fd9615,e11eded6b1ef,41,0
2cc2fc13-38d7-4184-a301-88ba0f433bd4,212db145352b-7509bf16f34f,57,0
2cc2fc13-38d7-4184-a301-88ba0f433bd4,212db145352b-c439d90bbdba,57,0
2cc2fc13-38d7-4184-a301-88ba0f433bd4,272fab1e26c8,44,0
2cc2fc13-38d7-4184-a301-88ba0f433bd4,7a4d9d1f1336,46,0
2cc2fc13-38d7-4184-a301-88ba0f433bd4,aabbe1f7c68d,49,0
2cc2fc13-38d7-4184-a301-88ba0f433bd4,aec2cfe19e5f,43,0
2cc2fc13-38d7-4184-a301-88ba0f433bd4,d1de176c4a62,44,0
2edc7545-6e2c-4444-b095-a33eef9d89b5,25d071a78d0f-235d73d0ff8a,46,0
2edc7545-6e2c-4444-b095-a33eef9d89b5,25d071a78d0f-77078ea940e0,46,0
2edc7545-6e2c-4444-b095-a33eef9d89b5,25d071a78d0f-c602fd06a4ad,46,0
2edc7545-6e2c-4444-b095-a33eef9d89b5,78c8875d5160,0,41
2edc7545-6e2c-4444-b095-a33eef9d89b5,7cf198887588,38,0
2edc7545-6e2c-4444-b095-a33eef9d89b5,93c335a1f672,39,0
2edc7545-6e2c-4444-b095-a33eef9d89b5,a8563104cfe7,43,0
2f3b3853-2bf2-4b11-b609-dbd798cd9da9,54e2a872c7da,42,0
2f3b3853-2bf2-4b11-b609-dbd798cd9da9,9f972277736c,43,0
2fdc5f31-e4e9-40fc-9871-6b3b24295cab,3f1f0577ac52-2fb495395941,52,0
2fdc5f31-e4e9-40fc-9871-6b3b24295cab,3f1f0577ac52-595d00e05023,52,0
2fdc5f31-e4e9-40fc-9871-6b3b24295cab,3f1f0577ac52-7768ddbaba79,52,0
2fdc5f31-e4e9-40fc-9871-6b3b24295cab,3f1f0577ac52-7eb577e91e86,51,0
2fdc5f31-e4e9-40fc-9871-6b3b24295cab,3f1f0577ac52-8a8ff77a6b2f,52,0
2fdc5f31-e4e9-40fc-9871-6b3b24295cab,3f1f0577ac52-e80239657c5d,0,52
3650eb17-6551-4ac4-a82d-d726bbc1e3fc,3af5ecc672f8,44,0
3650eb17-6551-4ac4-a82d-d726bbc1e3fc,b1ac6e02ac6b-3f220d7faa35,47,0
3650eb17-6551-4ac4-a82d-d726bbc1e3fc,ec3e0a489efb,44,0
3c4832c9-275b-4ebf-9afd-1c94ac104f22,6ba864e1f6c0-3241496cb21f,82,0
3c4832c9-275b-4ebf-9afd-1c94ac104f22,6ba864e1f6c0-49e3c0cf28da,82,0
3c4832c9-275b-4ebf-9afd-1c94ac104f22,6ba864e1f6c0-fce3657cba5f,82,0
3c4832c9-275b-4ebf-9afd-1c94ac104f22,827a545521f8,61,0
3c4832c9-275b-4ebf-9afd-1c94ac104f22,8cb3723e0b58,59,0
3c4832c9-275b-4ebf-9afd-1c94ac104f22,df30435f8f48,61,0
3e82e052-0205-46aa-ba9b-33e769c91d0e,0de03b8cd885,36,0
3e82e052-0205-46aa-ba9b-33e769c91d0e,615740357a1e,37,0
3e82e052-0205-46aa-ba9b-33e769c91d0e,f73733c94478-a20c930ea873,39,0
3e82e052-0205-46aa-ba9b-33e769c91d0e,f73733c94478-e0192c1d85cd,39,0
3e82e052-0205-46aa-ba9b-33e769c91d0e,f73733c94478-e5a09725b9b2,39,0
3e82e052-0205-46aa-ba9b-33e769c91d0e,f73733c94478-ffc2e9b1e142,39,0
3f7d5788-240a-46a6-9028-64f460d82ec8,adec2cef19cb-72c71aec34fc,40,0
3f7d5788-240a-46a6-9028-64f460d82ec8,adec2cef19cb-af67728c2f33,40,0
3f7d5788-240a-46a6-9028-64f460d82ec8,adec2cef19cb-f83db5312cbd,37,3
4037c816-0f0a-443d-983c-c6429fcd5631,15abefd63e21,44,0
4037c816-0f0a-443d-983c-c6429fcd5631,a361d34d922a-672e31aff969,49,0
4037c816-0f0a-443d-983c-c6429fcd5631,ed17255a7129,46,0
4037c816-0f0a-443d-983c-c6429fcd5631,f2a50a72ed06,49,0
42daf888-e324-4405-b25c-7c13f63f2ea5,16d9b9fc273c,46,0
42daf888-e324-4405-b25c-7c13f63f2ea5,6e86990d8782-13961136b63f,48,0
42daf888-e324-4405-b25c-7c13f63f2ea5,adf8a9fa8563,46,0
42daf888-e324-4405-b25c-7c13f63f2ea5,b2a6b29233c0,46,0
42daf888-e324-4405-b25c-7c13f63f2ea5,c2c9763f9acb,42,5
42daf888-e324-4405-b25c-7c13f63f2ea5,ef996c7789d7,46,0
46b309af-7c1b-43e0-8fd4-e83a4af018b3,cbc5683738bf-2202b7d02580,39,0
46b309af-7c1b-43e0-8fd4-e83a4af018b3,cbc5683738bf-4569cba8fbe7,39,0
46b309af-7c1b-43e0-8fd4-e83a4af018b3,cbc5683738bf-a2241a76a8b8,39,0
46b309af-7c1b-43e0-8fd4-e83a4af018b3,cbc5683738bf-a4292ce9bb47,39,0
46b309af-7c1b-43e0-8fd4-e83a4af018b3,cbc5683738bf-b8d77d71c818,39,0
46b309af-7c1b-43e0-8fd4-e83a4af018b3,cbc5683738bf-c758f4c67f6f,39,0
46b309af-7c1b-43e0-8fd4-e83a4af018b3,e2990f0dc748,38,0
46e287d5-0de7-4f85-a79d-582e6b53c6df,82b384cb8c46,73,0
46e287d5-0de7-4f85-a79d-582e6b53c6df,835188a60b79,73,0
485d4a2c-776d-4a9b-aff5-6280b238c553,042dad674a27,47,0
485d4a2c-776d-4a9b-aff5-6280b238c553,3bc22eb98c3f,47,0
485d4a2c-776d-4a9b-aff5-6280b238c553,b3b078704f71-4c63e51d7bb11affeef747a5fb203667,54,0
485d4a2c-776d-4a9b-aff5-6280b238c553,b3b078704f71-741fff97417c,54,0
485d4a2c-776d-4a9b-aff5-6280b238c553,b3b078704f71-9f1428bff268,54,0
485d4a2c-776d-4a9b-aff5-6280b238c553,b3b078704f71-a48a4cea7dd65e9c06ca47901176c969,54,0
4a2ec31a-4a9b-4742-8671-ea16528b1bf9,067964094af1,59,0
4a2ec31a-4a9b-4742-8671-ea16528b1bf9,44ed3f93914b-23ef29956409,60,0
4a2ec31a-4a9b-4742-8671-ea16528b1bf9,44ed3f93914b-634826a61175,60,0
4a2ec31a-4a9b-4742-8671-ea16528b1bf9,44ed3f93914b-f3d86ef3c30f,60,0
4a2ec31a-4a9b-4742-8671-ea16528b1bf9,a2f11257b4fe,59,0
4a2ec31a-4a9b-4742-8671-ea16528b1bf9,b7ad88faceb2,58,0
4a2ec31a-4a9b-4742-8671-ea16528b1bf9,d6b70d3ab3d7,60,0
508732df-3cab-4e97-bc2d-67dad3f7650d,4b11ef445273,29,0
508732df-3cab-4e97-bc2d-67dad3f7650d,59b81771fb28,32,0
508732df-3cab-4e97-bc2d-67dad3f7650d,78b25de4c936,34,0
508732df-3cab-4e97-bc2d-67dad3f7650d,b5c3395ddf3f,32,0
508732df-3cab-4e97-bc2d-67dad3f7650d,f280821cf9d4,31,0
50ff716b-f451-4fa4-9193-19cfd654df4f,0be7a560f0bc,29,0
50ff716b-f451-4fa4-9193-19cfd654df4f,3b29951e7903-02dc3c184f8d,34,0
50ff716b-f451-4fa4-9193-19cfd654df4f,3b29951e7903-050068ed5406,34,0
50ff716b-f451-4fa4-9193-19cfd654df4f,3b29951e7903-4c4098d36ffe,15,19
50ff716b-f451-4fa4-9193-19cfd654df4f,3b29951e7903-fca98c37c580,34,0
50ff716b-f451-4fa4-9193-19cfd654df4f,445db2ada06f,30,0
50ff716b-f451-4fa4-9193-19cfd654df4f,503e12a463b7,33,0
50ff716b-f451-4fa4-9193-19cfd654df4f,94aa9a266d9b,32,1
50ff716b-f451-4fa4-9193-19cfd654df4f,d98f0bcad9b0,33,0
50ff716b-f451-4fa4-9193-19cfd654df4f,f7d13f4021b5,31,0
5110ee66-2869-4aea-8b02-9ef70040a15f,d05850c13b7a,57,0
523ca096-2ceb-4584-ba78-4adc7a7c4da1,563413aa7797,38,0
523ca096-2ceb-4584-ba78-4adc7a7c4da1,e523c70e6a72,38,0
52b4157f-0a92-40fe-bf18-a4f9819b175d,025edbce879b,48,0
52b4157f-0a92-40fe-bf18-a4f9819b175d,2196df95baa2,47,0
52b4157f-0a92-40fe-bf18-a4f9819b175d,c43330a7d5be,50,0
52b4157f-0a92-40fe-bf18-a4f9819b175d,e03628c07529,48,0
5444acd1-af3e-4741-96d9-069cd4284db5,0a994b495b2b-587e93781c5f,46,0
5444acd1-af3e-4741-96d9-069cd4284db5,0a994b495b2b-8456067fee16,46,0
5444acd1-af3e-4741-96d9-069cd4284db5,0a994b495b2b-e94951a2a49b,46,0
5444acd1-af3e-4741-96d9-069cd4284db5,ae8c0eaaf2b3,45,0
5444acd1-af3e-4741-96d9-069cd4284db5,b32dc0ccd4bf,45,0
54971d96-8f95-43f5-9571-d0751d61d3c4,1f6db87200c1-0eb567138cc6,42,0
54971d96-8f95-43f5-9571-d0751d61d3c4,1f6db87200c1-9b756f868567,42,0
54971d96-8f95-43f5-9571-d0751d61d3c4,1f6db87200c1-e113d444efa6,42,0
54971d96-8f95-43f5-9571-d0751d61d3c4,1f6db87200c1-fad28e99d2bc,42,0
563d2e7a-69af-4adc-ba62-bb966de71872,15c93b34a7de,34,0
563d2e7a-69af-4adc-ba62-bb966de71872,38ee825ae988,40,0
563d2e7a-69af-4adc-ba62-bb966de71872,39eb8028e081,38,0
563d2e7a-69af-4adc-ba62-bb966de71872,4a4f7b7de7ac,40,0
563d2e7a-69af-4adc-ba62-bb966de71872,7357afcdb5a6,37,0
563d2e7a-69af-4adc-ba62-bb966de71872,7a83ef0952e2-0377474ac8c7,40,0
563d2e7a-69af-4adc-ba62-bb966de71872,7a83ef0952e2-14e7d2f9598d,40,0
563d2e7a-69af-4adc-ba62-bb966de71872,7a83ef0952e2-1c3549cccec0,40,0
563d2e7a-69af-4adc-ba62-bb966de71872,7a83ef0952e2-274a4dce63da,40,0
563d2e7a-69af-4adc-ba62-bb966de71872,7a83ef0952e2-3418d34acabf,40,0
563d2e7a-69af-4adc-ba62-bb966de71872,a889bdd04151,39,0
563d2e7a-69af-4adc-ba62-bb966de71872,d906d4d2c420,36,0
56c0e9bf-a4f1-4f6f-8153-6836ca2c81d6,242d95522bb4,50,0
56c0e9bf-a4f1-4f6f-8153-6836ca2c81d6,4d4836cc569a,51,0
56c0e9bf-a4f1-4f6f-8153-6836ca2c81d6,538b7ced525d,0,51
56c0e9bf-a4f1-4f6f-8153-6836ca2c81d6,b8f088dc93a8,50,0
56c0e9bf-a4f1-4f6f-8153-6836ca2c81d6,de74587600f7,51,0
585819ce-a7f2-43be-afef-9c423268363a,1afc3275a31f,28,0
585819ce-a7f2-43be-afef-9c423268363a,2f7d3b7fb57e,28,0
585819ce-a7f2-43be-afef-9c423268363a,bbab76700be1-0eb9a34a3658,30,0
585819ce-a7f2-43be-afef-9c423268363a,bbab76700be1-230c9d8f36aa,30,0
585819ce-a7f2-43be-afef-9c423268363a,bbab76700be1-9e40c2e6fc28,30,0
585819ce-a7f2-43be-afef-9c423268363a,d0ef3311e793,29,0
585819ce-a7f2-43be-afef-9c423268363a,d6c4b0c83475,27,0
59ca8264-d96b-4ed0-809e-d11c9844b673,8efe4aafedbb,45,0
59ca8264-d96b-4ed0-809e-d11c9844b673,d0e27cfb047e-00d8f51edb35,47,0
59ca8264-d96b-4ed0-809e-d11c9844b673,d0e27cfb047e-466d2110c8c3,47,0
59ca8264-d96b-4ed0-809e-d11c9844b673,d0e27cfb047e-8aa73e59008e,47,0
59ca8264-d96b-4ed0-809e-d11c9844b673,f4f0e085c4cd,43,0
5b1d7ea2-04c0-472c-848d-ca34d672ef6f,0ff19d021abc,56,0
5b1d7ea2-04c0-472c-848d-ca34d672ef6f,475fe0624572-1a7932bb5cd8,62,0
5b1d7ea2-04c0-472c-848d-ca34d672ef6f,475fe0624572-81bd1cdb5334,62,0
5b1d7ea2-04c0-472c-848d-ca34d672ef6f,475fe0624572-bd38a6e0baf1,62,0
5b1d7ea2-04c0-472c-848d-ca34d672ef6f,75bb7a5900c9,54,0
5b1d7ea2-04c0-472c-848d-ca34d672ef6f,8e85671b9c55,56,0
5f5f3db3-d1b5-4498-9e42-0d3e3d670735,136f7deac10e-527aed1a81fb,42,0
5f5f3db3-d1b5-4498-9e42-0d3e3d670735,136f7deac10e-553c4c38f530,42,0
5f5f3db3-d1b5-4498-9e42-0d3e3d670735,136f7deac10e-7fdb0dafee8c,42,0
5f5f3db3-d1b5-4498-9e42-0d3e3d670735,136f7deac10e-98dc86ab4f5c,42,0
5f5f3db3-d1b5-4498-9e42-0d3e3d670735,136f7deac10e-9f032d0fb390,42,0
5f5f3db3-d1b5-4498-9e42-0d3e3d670735,136f7deac10e-d16c9ff52729,42,0
5f5f3db3-d1b5-4498-9e42-0d3e3d670735,488318ec09fe,40,0
5f5f3db3-d1b5-4498-9e42-0d3e3d670735,56f9cad68846,40,0
5f5f3db3-d1b5-4498-9e42-0d3e3d670735,a119c7961c5c,39,0
5f5f3db3-d1b5-4498-9e42-0d3e3d670735,e0e1a2ca997a,39,0
5f5f3db3-d1b5-4498-9e42-0d3e3d670735,ecb89e448b87,38,0
608a1e0e-98f6-4eb3-b97c-99f2f203ac7c,a2c9795227f5-00cfc3767304,43,0
608a1e0e-98f6-4eb3-b97c-99f2f203ac7c,a2c9795227f5-432da0f1625d,43,0
608a1e0e-98f6-4eb3-b97c-99f2f203ac7c,a2c9795227f5-574d16797d2b,43,0
608a1e0e-98f6-4eb3-b97c-99f2f203ac7c,a2c9795227f5-8eacacb2dd9e,43,0
608a1e0e-98f6-4eb3-b97c-99f2f203ac7c,a2c9795227f5-9db58f602872,43,0
608a1e0e-98f6-4eb3-b97c-99f2f203ac7c,a2c9795227f5-e641975e4623,43,0
61642524-35d9-4667-8e2d-7ab880acdeef,2b2b6a6e4990-2c26d29afe68,0,55
61642524-35d9-4667-8e2d-7ab880acdeef,2b2b6a6e4990-2d26d5801d75,55,0
61642524-35d9-4667-8e2d-7ab880acdeef,4d9acd0bea51,49,0
61642524-35d9-4667-8e2d-7ab880acdeef,7211e957c395,48,0
68182e89-cb0b-49b7-aeaa-fcf5697300ea,01cca7a4e6c7,62,0
68182e89-cb0b-49b7-aeaa-fcf5697300ea,0226362fab37,59,0
68182e89-cb0b-49b7-aeaa-fcf5697300ea,12d78e2146a2,56,0
69a9aaa4-c71c-41e7-9cee-2d83d2a491d6,433d3b62816d,50,0
69a9aaa4-c71c-41e7-9cee-2d83d2a491d6,d5489adbf75f,49,0
6a06a5ec-a7b7-45bf-a941-105e4f2d3120,0346d7246616,60,0
6a06a5ec-a7b7-45bf-a941-105e4f2d3120,20d25c281475,62,0
6a06a5ec-a7b7-45bf-a941-105e4f2d3120,4bbf06feb191,62,0
6a06a5ec-a7b7-45bf-a941-105e4f2d3120,ecd0d4d7d2f7,63,0
702046b4-0989-4791-bea0-f3af572a15d3,60c1d014a8fd-0aa988ad2e2c,55,0
702046b4-0989-4791-bea0-f3af572a15d3,60c1d014a8fd-535681695f83,55,0
702046b4-0989-4791-bea0-f3af572a15d3,60c1d014a8fd-721c786aa5f1,55,0
702046b4-0989-4791-bea0-f3af572a15d3,6117b8a0709a,54,0
726510e2-3412-4594-a9d6-161d5f3b4304,6a6848b2f64d,44,0
726510e2-3412-4594-a9d6-161d5f3b4304,7019327b9525,43,0
726510e2-3412-4594-a9d6-161d5f3b4304,80c475724204,44,0
726510e2-3412-4594-a9d6-161d5f3b4304,b7825e812f6c-25fecc49907e,47,0
726510e2-3412-4594-a9d6-161d5f3b4304,b7825e812f6c-b31002c38509,47,0
726510e2-3412-4594-a9d6-161d5f3b4304,b7825e812f6c-d9d1ba23c95a,47,0
756801df-1081-4651-a875-c1c253962315,bcbf31cb9f0b-389bea28b3ba,47,0
756801df-1081-4651-a875-c1c253962315,bcbf31cb9f0b-60db5aa711d07469c61d875371f8c1cc,47,0
756801df-1081-4651-a875-c1c253962315,bcbf31cb9f0b-7f86edfa6c9b,47,0
756801df-1081-4651-a875-c1c253962315,bcbf31cb9f0b-9e5f78370365,47,0
756801df-1081-4651-a875-c1c253962315,bcbf31cb9f0b-dc49cca3708554dc1ae0c001274c0b53,47,0
7692bfef-fef9-44be-9236-91cd8e17dc0a,46edfdc1cc2c,29,0
7692bfef-fef9-44be-9236-91cd8e17dc0a,c450a36ea6fc,27,0
7692bfef-fef9-44be-9236-91cd8e17dc0a,d8ccf3593847,29,0
7692bfef-fef9-44be-9236-91cd8e17dc0a,dc5d4cf889e7,29,0
7ccf9daa-2f13-4e2f-bbda-cc3ad5e06b59,0362892ea654-10f6a29d3743,43,0
7ccf9daa-2f13-4e2f-bbda-cc3ad5e06b59,0362892ea654-12d274bfed8b,43,0
7ccf9daa-2f13-4e2f-bbda-cc3ad5e06b59,0362892ea654-3edca58e93d3,43,0
7ccf9daa-2f13-4e2f-bbda-cc3ad5e06b59,0362892ea654-aebdcaf96f82,43,0
7ccf9daa-2f13-4e2f-bbda-cc3ad5e06b59,0362892ea654-d36be7aa3265,43,0
7ccf9daa-2f13-4e2f-bbda-cc3ad5e06b59,4d81dfff57bc,42,0
7ccf9daa-2f13-4e2f-bbda-cc3ad5e06b59,7b3b2746aa0f,41,0
817017c0-06fc-4360-838c-347a810afae0,059f30da7310,45,0
817017c0-06fc-4360-838c-347a810afae0,77768d3c74df,44,0
848bc01c-d2a6-48c8-88bc-6cc9e68c801a,0aeb5dcd1fd2,55,0
848bc01c-d2a6-48c8-88bc-6cc9e68c801a,f32f4926229d-5b413879c63b,56,0
848bc01c-d2a6-48c8-88bc-6cc9e68c801a,f32f4926229d-e8a427ef733f,56,0
848bc01c-d2a6-48c8-88bc-6cc9e68c801a,f32f4926229d-f5ca1e9f835c,56,0
85f12e36-5df7-497b-9fd8-b9f32ea2fbf4,385b37d353ed,48,0
85f12e36-5df7-497b-9fd8-b9f32ea2fbf4,b6770fdda778,49,0
85f12e36-5df7-497b-9fd8-b9f32ea2fbf4,b9f1374c8b87-022458c614f7,50,0
85f12e36-5df7-497b-9fd8-b9f32ea2fbf4,b9f1374c8b87-739269052837,49,0
85f12e36-5df7-497b-9fd8-b9f32ea2fbf4,b9f1374c8b87-c903ea4cc2c2,49,0
85f12e36-5df7-497b-9fd8-b9f32ea2fbf4,e8fbe1aac218,49,0
8617745a-2700-4c0a-9854-1cd0e90a5192,ababd7ebb6d6,46,0
8617745a-2700-4c0a-9854-1cd0e90a5192,ac8d2945a87a,46,0
8617745a-2700-4c0a-9854-1cd0e90a5192,b9eadd895b72,45,0
88100afd-75df-47fb-bd79-ba6dbbaa895d,5d04e3d28fc1,21,18
88100afd-75df-47fb-bd79-ba6dbbaa895d,71d4709160d9,39,0
88100afd-75df-47fb-bd79-ba6dbbaa895d,779e597702e1-45d4d3253b1a,39,0
88100afd-75df-47fb-bd79-ba6dbbaa895d,779e597702e1-50dd9d678734,39,0
88100afd-75df-47fb-bd79-ba6dbbaa895d,779e597702e1-cb3c4086ebb9,39,0
88100afd-75df-47fb-bd79-ba6dbbaa895d,ef182dccfb79,35,0
8add5b2f-5878-446f-96fc-d4fbf350782f,4f3d3368a62f,38,0
8add5b2f-5878-446f-96fc-d4fbf350782f,5b56f0fd202c,35,0
8add5b2f-5878-446f-96fc-d4fbf350782f,99cd21c65688,39,0
8add5b2f-5878-446f-96fc-d4fbf350782f,ee21417e5bd7-021ac1cd5241,41,0
8add5b2f-5878-446f-96fc-d4fbf350782f,ee21417e5bd7-487c977509d3,41,0
8add5b2f-5878-446f-96fc-d4fbf350782f,ee21417e5bd7-4bf9105562d7,41,0
8add5b2f-5878-446f-96fc-d4fbf350782f,ee21417e5bd7-7e2be7006dd2,41,0
8add5b2f-5878-446f-96fc-d4fbf350782f,ee21417e5bd7-87ce0178cf72,41,0
8add5b2f-5878-446f-96fc-d4fbf350782f,ee21417e5bd7-bf0d4b60dbbc,41,0
8add5b2f-5878-446f-96fc-d4fbf350782f,ee21417e5bd7-d6f2edb7550d,41,0
8add5b2f-5878-446f-96fc-d4fbf350782f,ee21417e5bd7-dbf92941f787,41,0
8c0ea448-b799-4282-bdc0-d5f00b27d52c,3743bde85bb1,32,0
8c0ea448-b799-4282-bdc0-d5f00b27d52c,e7741506910a,32,0
8c0ea448-b799-4282-bdc0-d5f00b27d52c,f38bfbde26ed-1a9095241fb6,35,0
8c0ea448-b799-4282-bdc0-d5f00b27d52c,f38bfbde26ed-28cce1d0f714,35,0
8c0ea448-b799-4282-bdc0-d5f00b27d52c,f38bfbde26ed-ab6232db29fc,35,0
8e0da136-c6bf-4d27-a846-285c4395279d,4e3518a5a5b1-401b293e052c,61,0
8e0da136-c6bf-4d27-a846-285c4395279d,4e3518a5a5b1-84171f0fca0f,61,0
8e0da136-c6bf-4d27-a846-285c4395279d,872c16e3d422,47,0
8e0da136-c6bf-4d27-a846-285c4395279d,9e1af502887e,46,0
8f6cb9c5-1998-4dc1-bca2-f117560285ee,dcc91ce8a2cf-2b0c3c8725ad,40,0
8f6cb9c5-1998-4dc1-bca2-f117560285ee,dcc91ce8a2cf-3a3db8b380d1,40,0
8f6cb9c5-1998-4dc1-bca2-f117560285ee,dcc91ce8a2cf-9d40da5731a9,40,0
8f6cb9c5-1998-4dc1-bca2-f117560285ee,dcc91ce8a2cf-ae4e22cc542c,40,0
8f6cb9c5-1998-4dc1-bca2-f117560285ee,dcc91ce8a2cf-b584ce4f1ac3,40,0
8f6cb9c5-1998-4dc1-bca2-f117560285ee,e4b1eb5b1999,38,0
927cf520-4b0b-4714-8c3d-80f4c3bdaae5,1ac7c16a3e24,44,0
927cf520-4b0b-4714-8c3d-80f4c3bdaae5,2b020b679b95,0,47
927cf520-4b0b-4714-8c3d-80f4c3bdaae5,3d4ea30b6c09,43,0
927cf520-4b0b-4714-8c3d-80f4c3bdaae5,8032dcc32f94,44,0
927cf520-4b0b-4714-8c3d-80f4c3bdaae5,8b2fffba7a0c,0,47
927cf520-4b0b-4714-8c3d-80f4c3bdaae5,aacead762795,45,0
927cf520-4b0b-4714-8c3d-80f4c3bdaae5,adec2cef19cb-72c71aec34fc,47,0
927cf520-4b0b-4714-8c3d-80f4c3bdaae5,adec2cef19cb-af67728c2f33,47,0
927cf520-4b0b-4714-8c3d-80f4c3bdaae5,adec2cef19cb-f83db5312cbd,47,0
92fdc460-6fd0-4c62-80f9-a698f4d5c212,1f84a8ea3f7f,36,0
92fdc460-6fd0-4c62-80f9-a698f4d5c212,81bf53a33cfaa3a8ffde02b5521ba0a5,34,0
92fdc460-6fd0-4c62-80f9-a698f4d5c212,da74bcad3c0b77e93987b368be86a560,35,0
9543ac6f-adbb-4296-b70c-6346e1f6c74f,38e5e595be28,38,0
9543ac6f-adbb-4296-b70c-6346e1f6c74f,8de66095ba15,38,0
9543ac6f-adbb-4296-b70c-6346e1f6c74f,e3c252db1624,38,0
9543ac6f-adbb-4296-b70c-6346e1f6c74f,f1218d30aeb4-09b76ac00ed0,40,0
9543ac6f-adbb-4296-b70c-6346e1f6c74f,f1218d30aeb4-4312fd9d3f93,40,0
9543ac6f-adbb-4296-b70c-6346e1f6c74f,f1218d30aeb4-5a2b6f8334e8,40,0
9543ac6f-adbb-4296-b70c-6346e1f6c74f,f1218d30aeb4-72878607b395,40,0
955d9653-e06a-476f-8bfd-c360513f205d,072c536634f6,17,14
955d9653-e06a-476f-8bfd-c360513f205d,322b45bdd3a6-186feadb12f4,31,0
955d9653-e06a-476f-8bfd-c360513f205d,7ced2fe0d943,29,0
955d9653-e06a-476f-8bfd-c360513f205d,cda57c1f0144,30,0
968c4e7a-edc6-4c88-99a7-f28d75824d08,740a32a66d7a,65,0
968c4e7a-edc6-4c88-99a7-f28d75824d08,83e99437f5c3,65,0
968c4e7a-edc6-4c88-99a7-f28d75824d08,b67ab5251039,64,0
9cec37e6-8377-4bb7-b7a8-c342fbc40cdd,3d5fdec1cbc9,62,0
9cec37e6-8377-4bb7-b7a8-c342fbc40cdd,48e73db869ce,60,0
9cec37e6-8377-4bb7-b7a8-c342fbc40cdd,dbf29d2ff4ee,61,0
a19318f2-3173-471a-a3a6-a0fa84c654c7,1cc23efbdfc9,41,0
a19318f2-3173-471a-a3a6-a0fa84c654c7,28751f70a02c,38,0
a19318f2-3173-471a-a3a6-a0fa84c654c7,4869c000cc9d,49,0
a19318f2-3173-471a-a3a6-a0fa84c654c7,4c93fba4476b,41,0
a19318f2-3173-471a-a3a6-a0fa84c654c7,b90da7b76e0e-ebd18069fd76,49,0
a19318f2-3173-471a-a3a6-a0fa84c654c7,ca6446989079,44,0
a3123391-daa3-46b1-b7b8-9b47bd915d1e,3def580c4825,53,0
a3123391-daa3-46b1-b7b8-9b47bd915d1e,753a44b8812d,53,0
a3123391-daa3-46b1-b7b8-9b47bd915d1e,9d55ab7d35bd,53,0
a3123391-daa3-46b1-b7b8-9b47bd915d1e,e3c82f663917,53,0
a55048a5-40aa-40b5-8f01-9a489e34e52b,ceffb8e3c7b6,63,0
a55048a5-40aa-40b5-8f01-9a489e34e52b,d16243761305,59,0
a5897232-0acf-4d16-81a6-1560a2c98ce9,1142b7e49ef1-2694c7c0c46f,48,0
a5897232-0acf-4d16-81a6-1560a2c98ce9,1142b7e49ef1-3924ecdd30b5,48,0
a5897232-0acf-4d16-81a6-1560a2c98ce9,1142b7e49ef1-db31510d8cb9,48,0
a5897232-0acf-4d16-81a6-1560a2c98ce9,11f7ddfdddbf,48,0
a5897232-0acf-4d16-81a6-1560a2c98ce9,5af11b9c040e,46,0
a70d660a-0bb7-4f3d-b41c-b363949cafae,2e5caafdcf5d,43,0
a70d660a-0bb7-4f3d-b41c-b363949cafae,573af9dd454b,0,43
a70d660a-0bb7-4f3d-b41c-b363949cafae,6a33a3aa76b4,43,0
a70d660a-0bb7-4f3d-b41c-b363949cafae,a02887d1c0f9,43,0
a70d660a-0bb7-4f3d-b41c-b363949cafae,d83654b9d143,44,0
a86422be-ee30-4a6a-acac-46bb3e80c9ac,99278504949a,54,0
a86422be-ee30-4a6a-acac-46bb3e80c9ac,c713aac8ed0f,54,0
a87077e3-ab9f-476c-80e3-3d315cf01dc4,6e6998173f32,47,0
a87077e3-ab9f-476c-80e3-3d315cf01dc4,ab3c74797406-3cb1ad17acb6,47,0
a87077e3-ab9f-476c-80e3-3d315cf01dc4,ab3c74797406-5102d609a070,47,0
a87077e3-ab9f-476c-80e3-3d315cf01dc4,ab3c74797406-59850e2b374e,47,0
a87077e3-ab9f-476c-80e3-3d315cf01dc4,ab3c74797406-76f7663e9d92,47,0
a87077e3-ab9f-476c-80e3-3d315cf01dc4,ab3c74797406-bb156dca9a32,47,0
a87077e3-ab9f-476c-80e3-3d315cf01dc4,ab3c74797406-e1c09ee8f781,47,0
a9820ee0-afb5-4031-a70a-a4dc9fbc95ae,046476a58f16,44,0
a9820ee0-afb5-4031-a70a-a4dc9fbc95ae,4b97b58d3dbd-55ff58f3250d,47,0
a9820ee0-afb5-4031-a70a-a4dc9fbc95ae,4b97b58d3dbd-9e6ee2567ef5,47,0
a9820ee0-afb5-4031-a70a-a4dc9fbc95ae,e7296213ea51,44,0
aaad099a-d9b7-4568-bb50-5ad12ea9d168,5114f2c08c55,35,0
aaad099a-d9b7-4568-bb50-5ad12ea9d168,873aff046e0f,35,0
aaad099a-d9b7-4568-bb50-5ad12ea9d168,93d59fe31d85,35,0
ae369ed2-2d48-438b-9d6d-8c0cd7df96b6,437e57ffd91f-0431819b9f4a,61,0
ae369ed2-2d48-438b-9d6d-8c0cd7df96b6,437e57ffd91f-1b2f9ccb7a15,61,0
ae369ed2-2d48-438b-9d6d-8c0cd7df96b6,437e57ffd91f-90d5a40ae89f,60,0
ae369ed2-2d48-438b-9d6d-8c0cd7df96b6,437e57ffd91f-d84189d074ab,60,0
ae369ed2-2d48-438b-9d6d-8c0cd7df96b6,8cd3f127b811,57,0
aec92c75-48d4-4ae4-aa07-f37b47703518,24430f499320-4be8f4f64222,55,0
aec92c75-48d4-4ae4-aa07-f37b47703518,24430f499320-9f78d8f5d065,55,0
aec92c75-48d4-4ae4-aa07-f37b47703518,89f9922a8cdf,55,0
aed13d88-e88d-486e-ab1d-9b4eea72a002,fd10be5cce27-3853732cd860,63,0
aed13d88-e88d-486e-ab1d-9b4eea72a002,fd10be5cce27-529fb57669b953752978e30719ee61bb,63,0
aed13d88-e88d-486e-ab1d-9b4eea72a002,fd10be5cce27-53643b193ea4,63,0
aed13d88-e88d-486e-ab1d-9b4eea72a002,fd10be5cce27-998268026939,64,0
aed13d88-e88d-486e-ab1d-9b4eea72a002,fd10be5cce27-9e279c3668c5,64,0
aed13d88-e88d-486e-ab1d-9b4eea72a002,fd10be5cce27-bbe3ba6e3f95,63,0
aed13d88-e88d-486e-ab1d-9b4eea72a002,fd10be5cce27-eb4aa8334b06,63,0
b25b9ad1-f381-40ac-ad28-59736d4e7182,0a9b56a65d00,63,0
b25b9ad1-f381-40ac-ad28-59736d4e7182,2aba84e92075,0,64
b25b9ad1-f381-40ac-ad28-59736d4e7182,d1d1b46415ef,61,0
b4435de9-474f-44da-98f6-71a8d2d9509f,a93158ad275b,38,0
b4435de9-474f-44da-98f6-71a8d2d9509f,dea3f12c76a4,37,0
b4435de9-474f-44da-98f6-71a8d2d9509f,f323bc8ee879,38,0
b4435de9-474f-44da-98f6-71a8d2d9509f,f5bc44ead58e,37,0
b4435de9-474f-44da-98f6-71a8d2d9509f,f69cc37801ca,38,0
b7174b6f-ccc5-4088-a740-2243e0a028bc,67c3b82a5858,30,0
b7174b6f-ccc5-4088-a740-2243e0a028bc,9962643ab355-358f0b983b69,31,0
b7174b6f-ccc5-4088-a740-2243e0a028bc,9962643ab355-66dc9f3d1370,31,0
b7174b6f-ccc5-4088-a740-2243e0a028bc,ce46301ccd9b,30,0
b7174b6f-ccc5-4088-a740-2243e0a028bc,e72883e1ba19,30,0
b756c735-64ce-4b67-933f-df89305b3e98,0696db81c87c,61,0
ba75b0bf-ba64-46c4-bbde-3e160a7ff2b6,196e74e4a566,46,0
ba75b0bf-ba64-46c4-bbde-3e160a7ff2b6,63b5f0dcad19,44,0
ba75b0bf-ba64-46c4-bbde-3e160a7ff2b6,dc3144e7972c,46,0
bb98860b-a680-4693-8336-0ecd8dac5f38,2c4cef61455f,53,0
bb98860b-a680-4693-8336-0ecd8dac5f38,756b1e0fa60e,53,0
bb98860b-a680-4693-8336-0ecd8dac5f38,de1e3580ef83,53,0
bfdf9eee-c31d-4314-ba95-3c3314830102,062c372f6c90,41,0
bfdf9eee-c31d-4314-ba95-3c3314830102,28b9489290ab-139cba172b2a,42,0
bfdf9eee-c31d-4314-ba95-3c3314830102,28b9489290ab-8633e170bb29,0,42
bfdf9eee-c31d-4314-ba95-3c3314830102,28b9489290ab-9684b03a9bd1,42,0
bfdf9eee-c31d-4314-ba95-3c3314830102,28b9489290ab-9a680fceb0ee,42,0
bfdf9eee-c31d-4314-ba95-3c3314830102,28b9489290ab-f32c4b6ec606,42,0
bfdf9eee-c31d-4314-ba95-3c3314830102,2c4581699ac5,35,0
bfdf9eee-c31d-4314-ba95-3c3314830102,5efd6f8a66f6,41,0
bfdf9eee-c31d-4314-ba95-3c3314830102,75949245eabe,34,0
bfdf9eee-c31d-4314-ba95-3c3314830102,e64e221d2429,37,0
c0203477-852c-4e72-b2ca-74ffe302a7a2,3f9e4b21ac62,43,0
c3d537d3-de82-4cfd-86f3-a4347eceaf82,0254e2eca654,59,0
c3d537d3-de82-4cfd-86f3-a4347eceaf82,19774caab5f6,61,0
c3d537d3-de82-4cfd-86f3-a4347eceaf82,6d511f679240,60,0
c3d537d3-de82-4cfd-86f3-a4347eceaf82,c58ccb775d5c,60,0
c3d537d3-de82-4cfd-86f3-a4347eceaf82,e3e141930920,60,0
c3d537d3-de82-4cfd-86f3-a4347eceaf82,f9af6a13e1a0-5bbfcff326ba,62,0
c3d537d3-de82-4cfd-86f3-a4347eceaf82,f9af6a13e1a0-78ee37ddb836,0,62
c442a328-2670-4bb1-b12f-25f9022a53d0,23ca53ab7aa9-24fb7528da6a4118c2bd022aeb9f027c,53,0
c442a328-2670-4bb1-b12f-25f9022a53d0,23ca53ab7aa9-4055c7c7e081,53,0
c442a328-2670-4bb1-b12f-25f9022a53d0,23ca53ab7aa9-52b5939272c1,53,0
c442a328-2670-4bb1-b12f-25f9022a53d0,23ca53ab7aa9-b2a6099094b10f867e683c05a9257314,53,0
c442a328-2670-4bb1-b12f-25f9022a53d0,4e983811bd17,52,0
c442a328-2670-4bb1-b12f-25f9022a53d0,6414dcef8ce2,50,0
c488a34d-a7dd-4913-9025-ecec2087edc8,005eaf2509fa,55,0
c488a34d-a7dd-4913-9025-ecec2087edc8,01775d1b183a,58,0
c488a34d-a7dd-4913-9025-ecec2087edc8,4a7ede994900,58,0
c488a34d-a7dd-4913-9025-ecec2087edc8,68c7b9ca7cab,57,0
c488a34d-a7dd-4913-9025-ecec2087edc8,6a1034d45da4,57,0
c488a34d-a7dd-4913-9025-ecec2087edc8,86959e35b17f,58,0
c488a34d-a7dd-4913-9025-ecec2087edc8,e6c11246858f,59,0
c6fa9a01-df81-44f8-8c6d-796e168647e1,ab9c4f08b582,37,0
c6fa9a01-df81-44f8-8c6d-796e168647e1,d60248d040e6,38,0
c6fa9a01-df81-44f8-8c6d-796e168647e1,ee4cc96bfa2b,2,37
c82d6e69-67b7-448e-9d4a-389747c59477,3f25e2b32622,45,0
c82d6e69-67b7-448e-9d4a-389747c59477,b2f0e6815aee,45,0
c82d6e69-67b7-448e-9d4a-389747c59477,d16c9a1f37d0,46,0
c82d6e69-67b7-448e-9d4a-389747c59477,fa8ee3a2eb76,46,0
c83708d2-4a21-43ad-bea4-a193faac8d14,93b462ba87ce-045fa76f136c,55,0
c83708d2-4a21-43ad-bea4-a193faac8d14,93b462ba87ce-5a43b1ca7d06,55,0
c83708d2-4a21-43ad-bea4-a193faac8d14,93b462ba87ce-d456f3a58598,55,0
c83708d2-4a21-43ad-bea4-a193faac8d14,9a6be9f9ffc0,54,0
ca1daba3-5a07-4d1c-970e-195cdb70d94f,30c16dae4d91-1628ff0e130f,43,0
ca1daba3-5a07-4d1c-970e-195cdb70d94f,30c16dae4d91-210ed86bd668,44,0
ca1daba3-5a07-4d1c-970e-195cdb70d94f,40fd5ea9104d,43,0
ca1daba3-5a07-4d1c-970e-195cdb70d94f,b9d7288336fa,42,0
ca1daba3-5a07-4d1c-970e-195cdb70d94f,e5189d2348ad,42,0
ca9b31f9-4d95-44fe-92bf-8129972709d5,0cc0adf12658,51,0
ca9b31f9-4d95-44fe-92bf-8129972709d5,62db83b38377-cd518ee55249,53,0
ca9b31f9-4d95-44fe-92bf-8129972709d5,62db83b38377-e6d37ff9dbf2,53,0
ca9b31f9-4d95-44fe-92bf-8129972709d5,9d489f11ec83,50,0
ca9b31f9-4d95-44fe-92bf-8129972709d5,ab89ac8c07fd,50,0
cd717230-74bc-4f56-9f4e-c76d0b37c3b6,d0a703417cee,51,0
cfb141ad-2d7f-4408-9151-d72a160197d0,7c1e172a2920-148453fd22ca,54,0
cfb141ad-2d7f-4408-9151-d72a160197d0,7c1e172a2920-1a8a78344731,54,0
cfb141ad-2d7f-4408-9151-d72a160197d0,7c1e172a2920-1cf961a8928d,54,0
cfb141ad-2d7f-4408-9151-d72a160197d0,7c1e172a2920-563a5842ae26,54,0
cfb141ad-2d7f-4408-9151-d72a160197d0,7c1e172a2920-73d7bd90e01e,54,0
cfb141ad-2d7f-4408-9151-d72a160197d0,7c1e172a2920-cdc3e3d78e63,54,0
cfb141ad-2d7f-4408-9151-d72a160197d0,a960d53466a9,49,0
cfb141ad-2d7f-4408-9151-d72a160197d0,fa0170c971556eb7f2d50e38fa7b2ba5,47,0
cff1dca1-19eb-4ac0-a620-f8716a287ce8,5a51fa9d18a1,65,0
cff1dca1-19eb-4ac0-a620-f8716a287ce8,926c182b53ed-1dfdae90f625,69,0
cff1dca1-19eb-4ac0-a620-f8716a287ce8,926c182b53ed-25e3e2541846,69,0
cff1dca1-19eb-4ac0-a620-f8716a287ce8,926c182b53ed-5c3dafdc61ec,69,0
cff1dca1-19eb-4ac0-a620-f8716a287ce8,926c182b53ed-5e1638e3c788,69,0
d0664a46-dfee-4276-8dd3-659a7f62d016,8ff37ee08bd8,35,0
d0664a46-dfee-4276-8dd3-659a7f62d016,cefe56c243d4,38,0
d0664a46-dfee-4276-8dd3-659a7f62d016,de6c51b7cf07,34,0
d09b5a7c-0498-472f-b438-8322049006c2,280f747b5a93,34,0
d09b5a7c-0498-472f-b438-8322049006c2,978d4a873a08-00695da28ffb,39,0
d09b5a7c-0498-472f-b438-8322049006c2,978d4a873a08-56e280afccfc,39,0
d09b5a7c-0498-472f-b438-8322049006c2,978d4a873a08-fecbc8536bc2,39,0
d09b5a7c-0498-472f-b438-8322049006c2,e6c682065f77,35,0
d8e28e0f-ca91-4afb-9177-96d0504bee79,5506149dab51,65,0
d8e28e0f-ca91-4afb-9177-96d0504bee79,ada4e7f83638,61,0
d8e28e0f-ca91-4afb-9177-96d0504bee79,ccd247ae3a6f,0,66
dd3e32d7-b9c7-41f4-8177-e0ff93c5a13d,36cf847b0425,46,0
dd3e32d7-b9c7-41f4-8177-e0ff93c5a13d,8ebdab05260d-25a89895236b,49,0
dd3e32d7-b9c7-41f4-8177-e0ff93c5a13d,8ebdab05260d-7c40a01582b1,49,0
dd3e32d7-b9c7-41f4-8177-e0ff93c5a13d,8ebdab05260d-ab636bc0041f,49,0
dd3e32d7-b9c7-41f4-8177-e0ff93c5a13d,8ebdab05260d-b4bf4256617d,49,0
dd3e32d7-b9c7-41f4-8177-e0ff93c5a13d,9898f1fa6e49,46,0
dd3e32d7-b9c7-41f4-8177-e0ff93c5a13d,9b62ec321c42,45,0
dd3e32d7-b9c7-41f4-8177-e0ff93c5a13d,ab8abcbda121,45,0
df7c4a2f-2892-4fde-ab30-0628a99659f6,32ad33f04c05-024d16f8ea4f,51,0
df7c4a2f-2892-4fde-ab30-0628a99659f6,32ad33f04c05-0b851b134672,51,0
df7c4a2f-2892-4fde-ab30-0628a99659f6,32ad33f04c05-2aac6779e925,50,0
df7c4a2f-2892-4fde-ab30-0628a99659f6,32ad33f04c05-2deeb498dabc,50,0
df7c4a2f-2892-4fde-ab30-0628a99659f6,32ad33f04c05-a5895a63f070,51,0
df7c4a2f-2892-4fde-ab30-0628a99659f6,32ad33f04c05-f0e74d3198c7,51,0
df7c4a2f-2892-4fde-ab30-0628a99659f6,665133b18daa,47,0
df7c4a2f-2892-4fde-ab30-0628a99659f6,73d27131aeb4,47,0
df7c4a2f-2892-4fde-ab30-0628a99659f6,b816e654bde0,46,0
e0372617-8b05-412b-99d3-3e20d023d733,0f2366c109ce,44,0
e0372617-8b05-412b-99d3-3e20d023d733,1ae50cf95799,43,0
e0372617-8b05-412b-99d3-3e20d023d733,a1d5482ef251,43,0
e0372617-8b05-412b-99d3-3e20d023d733,a6cf40733f16,44,0
e0372617-8b05-412b-99d3-3e20d023d733,c447b166d560,44,0
e409f726-c5ff-41c2-99e2-4ff26e02e48b,60149c481886-5ab5d8875e69,52,0
e409f726-c5ff-41c2-99e2-4ff26e02e48b,60149c481886-c45f2e9c2fe7,52,0
e409f726-c5ff-41c2-99e2-4ff26e02e48b,60149c481886-ef313d09648b,52,0
e409f726-c5ff-41c2-99e2-4ff26e02e48b,89719a2a26d8,52,0
e409f726-c5ff-41c2-99e2-4ff26e02e48b,d8aecaebb37c,50,0
e5051eae-99a3-485d-bfc8-5c998d696d78,162b396579b0,42,0
e5051eae-99a3-485d-bfc8-5c998d696d78,30c4239ef5d6,42,0
e5051eae-99a3-485d-bfc8-5c998d696d78,efd573ee9345-64ff993935f2,43,0
e5051eae-99a3-485d-bfc8-5c998d696d78,efd573ee9345-811df0959ef7,43,0
e5051eae-99a3-485d-bfc8-5c998d696d78,efd573ee9345-e0b647b21b02,42,1
e5051eae-99a3-485d-bfc8-5c998d696d78,efd573ee9345-edb296b45c1a,43,0
e5497fdf-e86d-44a8-80a4-abfbd81ec167,545c5beead27,50,0
e5497fdf-e86d-44a8-80a4-abfbd81ec167,c1eafaea67be,50,0
e65c949f-a726-4e3e-b17a-7ab4f2f08589,07473287a7245198f33b9a40750c1b47,40,0
e65c949f-a726-4e3e-b17a-7ab4f2f08589,a561a20d5e54-19009aa39f4d,47,0
e65c949f-a726-4e3e-b17a-7ab4f2f08589,a561a20d5e54-5552625a0429,47,0
e65c949f-a726-4e3e-b17a-7ab4f2f08589,a561a20d5e54-55df55eb810f,47,0
e65c949f-a726-4e3e-b17a-7ab4f2f08589,a561a20d5e54-97d84b331762,47,0
e65c949f-a726-4e3e-b17a-7ab4f2f08589,a561a20d5e54-d4c1b2ccd26e,47,0
e65c949f-a726-4e3e-b17a-7ab4f2f08589,abc9afef1a83,45,0
e770b9e0-613c-4d4e-a48f-5aaebc4552bb,5e298ae365f5,36,0
e770b9e0-613c-4d4e-a48f-5aaebc4552bb,93cffda4f7bb,36,0
e770b9e0-613c-4d4e-a48f-5aaebc4552bb,ac0e63ed553b,36,0
e8277829-807e-464a-b1b1-dc6a1a2715fb,5417885c3b2b,55,0
e8277829-807e-464a-b1b1-dc6a1a2715fb,54f998a90a8b,54,0
e8277829-807e-464a-b1b1-dc6a1a2715fb,559c334c966a-d0dd9f89d6f2,56,0
e8277829-807e-464a-b1b1-dc6a1a2715fb,559c334c966a-ea3f267c6cd0,56,0
e8277829-807e-464a-b1b1-dc6a1a2715fb,559c334c966a-ed664d40c1e1,56,0
e8277829-807e-464a-b1b1-dc6a1a2715fb,85a1c9c3efd1,54,0
e90f7412-d351-451d-b439-00496e632439,3b81b0a47742,53,0
e90f7412-d351-451d-b439-00496e632439,6901ee17ca3e,18,33
e90f7412-d351-451d-b439-00496e632439,8c92e5b58e10,50,0
e911b350-705f-421e-be3a-e3c2be9370ea,20e5b0172417-677d6edceaca,47,0
e911b350-705f-421e-be3a-e3c2be9370ea,20e5b0172417-c7648b8ba954,47,0
e911b350-705f-421e-be3a-e3c2be9370ea,20e5b0172417-cc6f0949571fa97ebb740a03dc45e6fa,47,0
e911b350-705f-421e-be3a-e3c2be9370ea,20e5b0172417-e944781e37553cc9c4ce5778e3527a4a,47,0
e911b350-705f-421e-be3a-e3c2be9370ea,4c41057a4b79,47,0
eaab6ed4-bc22-4dd1-8b14-4433de10e152,0744882d091a-0c042d74bd17,53,0
eaab6ed4-bc22-4dd1-8b14-4433de10e152,0744882d091a-0e8b3b3d7fdb,53,0
eaab6ed4-bc22-4dd1-8b14-4433de10e152,0744882d091a-9e3d9912dc12,53,0
eab9a0c9-8e18-4fd3-9e16-df377359408e,4aa5d1832f72,40,0
eab9a0c9-8e18-4fd3-9e16-df377359408e,50aa1021fd95-69382e65f2f8,42,0
eab9a0c9-8e18-4fd3-9e16-df377359408e,5168d7a57283,42,0
eab9a0c9-8e18-4fd3-9e16-df377359408e,619b26ea209f,39,0
eb9bdcc2-4f92-4010-819f-ccf3bb4547f8,185e1e827b81,41,0
eb9bdcc2-4f92-4010-819f-ccf3bb4547f8,65d4a86c79ed,41,0
eb9bdcc2-4f92-4010-819f-ccf3bb4547f8,7e15f16c7079,42,0
eb9bdcc2-4f92-4010-819f-ccf3bb4547f8,d2336d1ec83a,43,0
ef1f3473-83fd-4fee-8de1-92b267332fc8,0e9265b0a8a1,48,0
ef1f3473-83fd-4fee-8de1-92b267332fc8,17080e3f082e,48,0
ef1f3473-83fd-4fee-8de1-92b267332fc8,68d06b663861-4080abe47780,52,0
ef1f3473-83fd-4fee-8de1-92b267332fc8,68d06b663861-a1c9f2b9904d,52,0
ef1f3473-83fd-4fee-8de1-92b267332fc8,68d06b663861-c46107e60d02,52,0
ef1f3473-83fd-4fee-8de1-92b267332fc8,68d06b663861-cf61e1fe08d1,52,0
efaabceb-0254-41e9-a390-30894fc13ee6,08e53e061390-13c6e87db1e2,57,0
efaabceb-0254-41e9-a390-30894fc13ee6,08e53e061390-38a15cfb8870,57,0
efaabceb-0254-41e9-a390-30894fc13ee6,08e53e061390-44a7d8356025,57,0
efaabceb-0254-41e9-a390-30894fc13ee6,08e53e061390-d841ef532422,57,0
efaabceb-0254-41e9-a390-30894fc13ee6,c855eefcaf1ebacb4d416b1dbfd9bc0a,57,0
f1d118a2-732e-44b8-b899-dfece61291cf,a014b7dce8fb-0f6133ea78b5,38,0
f1d118a2-732e-44b8-b899-dfece61291cf,a014b7dce8fb-58a08804b4d2429716c88a0e9203e059,38,0
f1d118a2-732e-44b8-b899-dfece61291cf,a014b7dce8fb-fe7d60c5e658,38,0
f1d118a2-732e-44b8-b899-dfece61291cf,e2720439c2b5,36,0
f30d9bd2-d2b7-4d8f-a885-74b2cef9e53f,cf92379395f6,31,0
f30d9bd2-d2b7-4d8f-a885-74b2cef9e53f,dc1c4c171c8e,31,0
f37a1282-7ebe-4818-a7da-6ad5fcd9c08a,7ccbfd3d7e7b,51,0
f37a1282-7ebe-4818-a7da-6ad5fcd9c08a,983e7c73ffcc,51,0
f37a1282-7ebe-4818-a7da-6ad5fcd9c08a,b068c75ca7c5,51,0
f37a1282-7ebe-4818-a7da-6ad5fcd9c08a,cb10ff2ff215-18067d406c31,53,0
f37a1282-7ebe-4818-a7da-6ad5fcd9c08a,cb10ff2ff215-69af062d61bc,0,53
f37a1282-7ebe-4818-a7da-6ad5fcd9c08a,cb10ff2ff215-76f6f957e157,53,0
f37a1282-7ebe-4818-a7da-6ad5fcd9c08a,cb10ff2ff215-9726b6bb82c8,53,0
f37a1282-7ebe-4818-a7da-6ad5fcd9c08a,cb10ff2ff215-9a30c8e22de3,53,0
f37a1282-7ebe-4818-a7da-6ad5fcd9c08a,d4d1f8be2ad6,50,0
f37a1282-7ebe-4818-a7da-6ad5fcd9c08a,f7fdf6a8bc91,51,0
f37ee5dc-987b-4c8f-8037-39fbb402cf14,5398e0d6c367,45,0
f37ee5dc-987b-4c8f-8037-39fbb402cf14,a18b764ecf8c-f8e822609c78,50,0
f37ee5dc-987b-4c8f-8037-39fbb402cf14,b28a4f96510b,50,0
f39ee068-6729-40de-91cf-328fb453b524,12c842470459,37,0
f39ee068-6729-40de-91cf-328fb453b524,180477a52eca,37,0
f39ee068-6729-40de-91cf-328fb453b524,852edfe1b6c7,35,0
f39ee068-6729-40de-91cf-328fb453b524,d83c68491371,37,0
f4332c76-8d8a-4af9-9d16-75a46481a765,4da560377252,52,0
f4332c76-8d8a-4af9-9d16-75a46481a765,cb242c2cfa01-5c5efb85abab,55,0
f4332c76-8d8a-4af9-9d16-75a46481a765,cb242c2cfa01-6a337996abd6,55,0
f4332c76-8d8a-4af9-9d16-75a46481a765,cb242c2cfa01-7943af86bb6d,55,0
f4332c76-8d8a-4af9-9d16-75a46481a765,cb242c2cfa01-a571656d1e60,55,0
f762a66e-69be-41af-b0f0-aeb90ab9b0bc,087e1d09b3d6-3eb7d9a5991b,56,0
f762a66e-69be-41af-b0f0-aeb90ab9b0bc,087e1d09b3d6-a40f4d4e72c7,56,0
f762a66e-69be-41af-b0f0-aeb90ab9b0bc,087e1d09b3d6-c862a731199f,56,0
f762a66e-69be-41af-b0f0-aeb90ab9b0bc,25d40a6463ee,56,0
f762a66e-69be-41af-b0f0-aeb90ab9b0bc,6165dc0e5909,54,0
f762a66e-69be-41af-b0f0-aeb90ab9b0bc,9d4c1f29b901,56,0
f762a66e-69be-41af-b0f0-aeb90ab9b0bc,d1c1a28fa60a,54,0
f7b212b1-5127-4962-8471-2bab8d1a4eea,15c26a29064233cdcbb3d5fa59713d8c,50,0
f7b212b1-5127-4962-8471-2bab8d1a4eea,bb596d5cf5c8,49,0
f897bb50-96af-418c-b362-d08c34beb97c,6bb076988c61,35,0
f897bb50-96af-418c-b362-d08c34beb97c,fa0bf4b55767-87c945bbfd22,36,0
f897bb50-96af-418c-b362-d08c34beb97c,fa0bf4b55767-b543b0292e85,36,0
f897bb50-96af-418c-b362-d08c34beb97c,fa0bf4b55767-bcd3ce438249,36,0
f8abba27-6b87-4cd6-9f46-66f76ac69f02,4bfeb4e3801f,40,0
f8abba27-6b87-4cd6-9f46-66f76ac69f02,a64f641c4c25-5aac73648da7,42,0
f8abba27-6b87-4cd6-9f46-66f76ac69f02,a64f641c4c25-93b7b04e5140,42,0
f8abba27-6b87-4cd6-9f46-66f76ac69f02,c8494343c768,40,0
f8abba27-6b87-4cd6-9f46-66f76ac69f02,dd28f3d8a6b2,40,0
fceacc3b-f610-4808-a7b7-c98b8628cebc,38e57e918113-147484806605,70,0
fceacc3b-f610-4808-a7b7-c98b8628cebc,38e57e918113-17bcbfb91da0,70,0
fe2f0035-3c39-4adf-968c-f181daa99cf6,0e7410d73dd5-0358042db606,39,0
fe2f0035-3c39-4adf-968c-f181daa99cf6,0e7410d73dd5-0dab97d5da75,39,0
fe2f0035-3c39-4adf-968c-f181daa99cf6,0e7410d73dd5-a28f6062839c,39,0
fe2f0035-3c39-4adf-968c-f181daa99cf6,0e7410d73dd5-abfe301bb655,0,39
fe2f0035-3c39-4adf-968c-f181daa99cf6,c8476a684b68,38,0
fe628cc4-0876-4917-bb12-a8a958412f40,6fac6cd480d5,53,0
fe628cc4-0876-4917-bb12-a8a958412f40,fdc81e95d5b3-b7fbfca429f9,53,0
fe628cc4-0876-4917-bb12-a8a958412f40,fdc81e95d5b3-caf74af7a470,53,0
fe628cc4-0876-4917-bb12-a8a958412f40,fdc81e95d5b3-d4ae04dd7f72,53,0
fed54a02-b215-4ca2-bb2c-395dc1eac57a,a62960308ad0,66,0
ff5a83ee-d44b-47de-8990-a7a90e57b973,d6aee0d0df13,44,0
ff5a83ee-d44b-47de-8990-a7a90e57b973,f020c0bfadd8,43,0
ffffece4-14da-4ed0-819a-a7039a0101d1,2581e5035afe,60,0
ffffece4-14da-4ed0-819a-a7039a0101d1,5386ba7d9487,59,0
ffffece4-14da-4ed0-819a-a7039a0101d1,d21a8804036b,59,0
ffffece4-14da-4ed0-819a-a7039a0101d1,e6b4b9a13a13,59,0
