sanity_text_id,n_readers
01ff8ad2-ef5b-4cf2-8f1d-b44663790fa4,50
0202b907-4516-4beb-8e07-759e473b5ea2,39
02df17fa-3bfa-4f87-8cd5-d523c12c9a1f,58
035af603-c895-4f40-a3e8-4b05a07a09bd,48
05c18c0e-b6b5-40b8-9009-130b044693c6,49
068108d2-6d62-4702-8037-f309323f7cd8,55
06a147ad-07a9-4bf5-a012-7f5f3b33a0c1,59
0af832ca-a33b-4606-96ce-1904d99101d3,48
0b8506ca-81ea-4c3f-804f-2bdfa9d1f359,59
0d9a3616-148c-4636-b310-c81355014aae,63
0fba2df7-e926-43d5-a393-5c52d5c1f30e,28
117d0019-c37b-49d4-aeec-4f260086e728,25
122cc765-c9e9-4321-bfd2-75a270eab990,35
1232a9d3-6cca-4713-b815-2cba5f6023de,67
132778fc-00b0-4b4a-aeb1-273c852069d0,44
1392d190-21e2-4ab2-b1a7-c86349f09096,60
13d9015d-cdd5-4d7d-9740-328d0a30d539,53
146f4451-5399-4d06-92ae-b4e638f22fc6,42
14bdcf5a-e89b-4217-9f81-ba6cb4b39d06,49
17e2ab2f-9bed-49ae-bff4-3d2510077b3a,65
1817ea02-414e-4110-8cdf-a6816c4c817a,32
1858b8c5-593f-48a0-ac69-ba6a7f329ffc,45
18f3aec0-5630-45c6-97f2-88fc3aa6b260,49
1c3764f7-25c1-4d4f-9546-2e80cd2886a0,46
1c6f5602-f8e0-40e4-a248-7bde79aacecb,48
1de161e8-b8f0-47ef-8a0c-17de6d7bc9b9,55
1e3f0ec3-58c0-4e07-a07b-d4138b04d28b,53
1faebffe-a83e-48ca-9f07-b44494c31e09,30
247647fb-01a3-499c-bdfe-f87bb36a260c,43
26de2208-ba68-436b-ade0-b0ed7227f593,39
272bf361-eb38-4fbe-892f-6f3150c6b0ab,38
2882b6ab-5804-4cc3-a959-95a2ce8d6f9d,53
2caac847-2d7a-420d-9a28-201fd4fd9615,61
2cc2fc13-38d7-4184-a301-88ba0f433bd4,47
2edc7545-6e2c-4444-b095-a33eef9d89b5,43
2f3b3853-2bf2-4b11-b609-dbd798cd9da9,38
2fdc5f31-e4e9-40fc-9871-6b3b24295cab,62
3650eb17-6551-4ac4-a82d-d726bbc1e3fc,35
3c4832c9-275b-4ebf-9afd-1c94ac104f22,45
3e82e052-0205-46aa-ba9b-33e769c91d0e,53
3f7d5788-240a-46a6-9028-64f460d82ec8,30
4037c816-0f0a-443d-983c-c6429fcd5631,47
42daf888-e324-4405-b25c-7c13f63f2ea5,50
46b309af-7c1b-43e0-8fd4-e83a4af018b3,45
46e287d5-0de7-4f85-a79d-582e6b53c6df,55
485d4a2c-776d-4a9b-aff5-6280b238c553,75
4a2ec31a-4a9b-4742-8671-ea16528b1bf9,47
508732df-3cab-4e97-bc2d-67dad3f7650d,43
50ff716b-f451-4fa4-9193-19cfd654df4f,44
5110ee66-2869-4aea-8b02-9ef70040a15f,42
523ca096-2ceb-4584-ba78-4adc7a7c4da1,38
52b4157f-0a92-40fe-bf18-a4f9819b175d,43
5444acd1-af3e-4741-96d9-069cd4284db5,56
54971d96-8f95-43f5-9571-d0751d61d3c4,55
563d2e7a-69af-4adc-ba62-bb966de71872,46
56c0e9bf-a4f1-4f6f-8153-6836ca2c81d6,44
585819ce-a7f2-43be-afef-9c423268363a,43
59ca8264-d96b-4ed0-809e-d11c9844b673,41
5b1d7ea2-04c0-472c-848d-ca34d672ef6f,45
5f5f3db3-d1b5-4498-9e42-0d3e3d670735,50
608a1e0e-98f6-4eb3-b97c-99f2f203ac7c,48
61642524-35d9-4667-8e2d-7ab880acdeef,46
68182e89-cb0b-49b7-aeaa-fcf5697300ea,60
69a9aaa4-c71c-41e7-9cee-2d83d2a491d6,41
6a06a5ec-a7b7-45bf-a941-105e4f2d3120,51
702046b4-0989-4791-bea0-f3af572a15d3,49
726510e2-3412-4594-a9d6-161d5f3b4304,67
756801df-1081-4651-a875-c1c253962315,40
7692bfef-fef9-44be-9236-91cd8e17dc0a,35
7ccf9daa-2f13-4e2f-bbda-cc3ad5e06b59,54
817017c0-06fc-4360-838c-347a810afae0,56
848bc01c-d2a6-48c8-88bc-6cc9e68c801a,52
85f12e36-5df7-497b-9fd8-b9f32ea2fbf4,50
8617745a-2700-4c0a-9854-1cd0e90a5192,57
88100afd-75df-47fb-bd79-ba6dbbaa895d,51
8add5b2f-5878-446f-96fc-d4fbf350782f,42
8c0ea448-b799-4282-bdc0-d5f00b27d52c,42
8e0da136-c6bf-4d27-a846-285c4395279d,42
8f6cb9c5-1998-4dc1-bca2-f117560285ee,37
927cf520-4b0b-4714-8c3d-80f4c3bdaae5,44
92fdc460-6fd0-4c62-80f9-a698f4d5c212,36
9543ac6f-adbb-4296-b70c-6346e1f6c74f,55
955d9653-e06a-476f-8bfd-c360513f205d,43
968c4e7a-edc6-4c88-99a7-f28d75824d08,64
9cec37e6-8377-4bb7-b7a8-c342fbc40cdd,56
a19318f2-3173-471a-a3a6-a0fa84c654c7,41
a3123391-daa3-46b1-b7b8-9b47bd915d1e,52
a55048a5-40aa-40b5-8f01-9a489e34e52b,45
a5897232-0acf-4d16-81a6-1560a2c98ce9,54
a70d660a-0bb7-4f3d-b41c-b363949cafae,46
a86422be-ee30-4a6a-acac-46bb3e80c9ac,54
a87077e3-ab9f-476c-80e3-3d315cf01dc4,49
a9820ee0-afb5-4031-a70a-a4dc9fbc95ae,59
aaad099a-d9b7-4568-bb50-5ad12ea9d168,39
ae369ed2-2d48-438b-9d6d-8c0cd7df96b6,53
aec92c75-48d4-4ae4-aa07-f37b47703518,63
aed13d88-e88d-486e-ab1d-9b4eea72a002,45
b25b9ad1-f381-40ac-ad28-59736d4e7182,61
b4435de9-474f-44da-98f6-71a8d2d9509f,47
b7174b6f-ccc5-4088-a740-2243e0a028bc,42
b756c735-64ce-4b67-933f-df89305b3e98,49
ba75b0bf-ba64-46c4-bbde-3e160a7ff2b6,34
bb98860b-a680-4693-8336-0ecd8dac5f38,48
bfdf9eee-c31d-4314-ba95-3c3314830102,35
c0203477-852c-4e72-b2ca-74ffe302a7a2,46
c3d537d3-de82-4cfd-86f3-a4347eceaf82,55
c442a328-2670-4bb1-b12f-25f9022a53d0,47
c488a34d-a7dd-4913-9025-ecec2087edc8,60
c6fa9a01-df81-44f8-8c6d-796e168647e1,52
c82d6e69-67b7-448e-9d4a-389747c59477,47
c83708d2-4a21-43ad-bea4-a193faac8d14,78
ca1daba3-5a07-4d1c-970e-195cdb70d94f,33
ca9b31f9-4d95-44fe-92bf-8129972709d5,49
cd717230-74bc-4f56-9f4e-c76d0b37c3b6,38
cfb141ad-2d7f-4408-9151-d72a160197d0,44
cff1dca1-19eb-4ac0-a620-f8716a287ce8,65
d0664a46-dfee-4276-8dd3-659a7f62d016,34
d09b5a7c-0498-472f-b438-8322049006c2,32
d8e28e0f-ca91-4afb-9177-96d0504bee79,49
dd3e32d7-b9c7-41f4-8177-e0ff93c5a13d,59
df7c4a2f-2892-4fde-ab30-0628a99659f6,44
e0372617-8b05-412b-99d3-3e20d023d733,56
e409f726-c5ff-41c2-99e2-4ff26e02e48b,45
e5051eae-99a3-485d-bfc8-5c998d696d78,38
e5497fdf-e86d-44a8-80a4-abfbd81ec167,60
e65c949f-a726-4e3e-b17a-7ab4f2f08589,41
e770b9e0-613c-4d4e-a48f-5aaebc4552bb,27
e8277829-807e-464a-b1b1-dc6a1a2715fb,55
e90f7412-d351-451d-b439-00496e632439,50
e911b350-705f-421e-be3a-e3c2be9370ea,50
eaab6ed4-bc22-4dd1-8b14-4433de10e152,55
eab9a0c9-8e18-4fd3-9e16-df377359408e,39
eb9bdcc2-4f92-4010-819f-ccf3bb4547f8,48
ef1f3473-83fd-4fee-8de1-92b267332fc8,46
efaabceb-0254-41e9-a390-30894fc13ee6,50
f1d118a2-732e-44b8-b899-dfece61291cf,41
f30d9bd2-d2b7-4d8f-a885-74b2cef9e53f,25
f37a1282-7ebe-4818-a7da-6ad5fcd9c08a,47
f37ee5dc-987b-4c8f-8037-39fbb402cf14,49
f39ee068-6729-40de-91cf-328fb453b524,27
f4332c76-8d8a-4af9-9d16-75a46481a765,56
f762a66e-69be-41af-b0f0-aeb90ab9b0bc,43
f7b212b1-5127-4962-8471-2bab8d1a4eea,48
f897bb50-96af-418c-b362-d08c34beb97c,48
f8abba27-6b87-4cd6-9f46-66f76ac69f02,38
fceacc3b-f610-4808-a7b7-c98b8628cebc,56
fe2f0035-3c39-4adf-968c-f181daa99cf6,45
fe628cc4-0876-4917-bb12-a8a958412f40,55
fed54a02-b215-4ca2-bb2c-395dc1eac57a,59
ff5a83ee-d44b-47de-8990-a7a90e57b973,44
ffffece4-14da-4ed0-819a-a7039a0101d1,65
